<?xml version = "1.0" encoding = "UTF-8" ?>
<Computer id="BD_Main" name="BD MainFrame" icon="DLCServer" type="empty">

  <portsForCrack val="999999" />
  <ports>21, 22, 25, 80, 104, 1433, 192, 6881, 443, 554</ports>
  <adminPass pass="d5er74ys" />
<firewall level="8" solution="OVERLORD" />
 <proxy time="2" />


<WhitelistAuthenticatorDaemon Remote="BD_Auth"/>

<encryptedFile path="home/hidden/secret" name="passwords.dec" ip="87.888.54.142" extension=".txt" header="local" double="true" pass="core">
dark
dth
DHD
RPG


</encryptedFile>
</Computer>